<application>
  <component name="TextMateSettings">
    <option name="themesMapping">
      <map>
        <entry key="All hallow's eve" value="All Hallow's Eve" />
        <entry key="Blackboard" value="Blackboard" />
        <entry key="Cobalt" value="Cobalt" />
        <entry key="Darcula" value="Darcula" />
        <entry key="Default" value="Mac Classic" />
        <entry key="Github" value="GitHub" />
        <entry key="High сontrast" value="Mac Classic" />
        <entry key="Monokai" value="Monokai" />
        <entry key="Railscasts" value="RailsCasts" />
        <entry key="Twilight" value="Twilight" />
        <entry key="VibrantInk" value="VibrantInk" />
        <entry key="WarmNeon" value="Mac Classic" />
        <entry key="gaga" value="GitHub" />
      </map>
    </option>
  </component>
</application>